{
  "1호기": {
    "rmse_ms": 42.02529779515946,
    "rmse_rh": 46.04844419535659,
    "avg_rmse": 44.03687099525803
  },
  "2호기": {
    "rmse_ms": 41.761604722192345,
    "rmse_rh": 52.46150693142118,
    "avg_rmse": 47.111555826806764
  }
}