{
  "1호기": {
    "rmse_ms": 21.74438041222143,
    "rmse_rh": 25.9286692235968,
    "avg_rmse": 23.836524817909115,
    "mae_ms": 14.174493001302084,
    "mae_rh": 15.547513427734375,
    "mbe_ms": -2.2289127604166636,
    "mbe_rh": -0.37048380533853864,
    "quantile_alpha": 0.5875947761659963,
    "mbe_weight": 5.0
  },
  "2호기": {
    "rmse_ms": 26.205011148200935,
    "rmse_rh": 32.07541176108989,
    "avg_rmse": 29.14021145464541,
    "mae_ms": 13.760089619954423,
    "mae_rh": 16.39761352539063,
    "mbe_ms": 0.26450856526692895,
    "mbe_rh": 0.1928904215494801,
    "quantile_alpha": 0.5494384583205879,
    "mbe_weight": 0.5
  }
}